<?xml version="1.0" encoding="UTF-8"?>
<project-private xmlns="http://www.netbeans.org/ns/project-private/1">
    <editor-bookmarks xmlns="http://www.netbeans.org/ns/editor-bookmarks/2" lastBookmarkId="0"/>
    <open-files xmlns="http://www.netbeans.org/ns/projectui-open-files/2">
        <group>
            <file>file:/C:/Users/USER/Desktop/NetBeansProjects/Log-in&amp;registration/src/loginRegist/registpage.java</file>
            <file>file:/C:/Users/USER/Desktop/NetBeansProjects/Log-in&amp;registration/src/loginRegist/homepage.java</file>
            <file>file:/C:/Users/USER/Desktop/NetBeansProjects/Log-in&amp;registration/src/loginRegist/loginRegistForm.java</file>
            <file>file:/C:/Users/USER/Desktop/NetBeansProjects/Log-in&amp;registration/test/NewJFrame.java</file>
        </group>
    </open-files>
</project-private>
